Level 1,Level 2,Level 3,Type,Slug
Homepage,,,Page,/
Homepage,About Us,,Page,/about-us
Homepage,About Us,Our Team,Page,/our-team
Homepage,About Us,Board of Directors,Page,/board-of-directors
Homepage,About Us,Meet Our Fellows,Page,/meet-our-fellows
Homepage,About Us,Meet Our Mascot,Page,/meet-our-mascot
Homepage,About Us,Contact,Page,/contact-form
Homepage,Membership,,Page,/membership
Homepage,Membership,Membership Application,Page,/membership-application
Homepage,Membership,Member Profile - Single,Template,/[member-slug]
Homepage,Policymakers,,Page,/policymakers
Homepage,Policymakers,Policymaker Registration,Page,/policymaker-registration
Homepage,Policymakers,State Hydrogen Policy Readiness Index,Page,/state-hydrogen-policy-readiness-index-sign-up
Homepage,Industry,,Page,/industry
Homepage,Industry,Common Bond Campaign,Page,/common-bond
Homepage,Industry,IRA 45V Campaign,Page,/campaign-ira-45v-policymaker
Homepage,Industry,Hydrogen Nation Network,Page,/h2n2
Homepage,Industry,Job Board,Page,/job-board
Homepage,Events,,Page,/usha-events
Homepage,Events,National Convention - Single,Template,/hydrogen-policy-leaders-convention-[year]
Homepage,Events,Regional Convention - Single,Template,/[region]-hydrogen-policy-leaders
Homepage,Events,Webinars,Page,/usha-webinars
Homepage,Events,Supporting Events,Page,/supporting-events
Homepage,Events,Press Registration,Page,/press-registration
Homepage,Media Room,,Page,/news-room
Homepage,Media Room,USHA in the News,Page,/usha-in-the-news
Homepage,Media Room,Hydrogen News,Page,/hydrogen-news
Homepage,Media Room,Blog,Page,/usha-blog
Homepage,Media Room,Blog Post - Single,Template,/blog/[post-slug]
Homepage,Resources,,Page,/resources
Homepage,Resources,Resource - Single,Template,/resources/[resource-slug]
Homepage,Subscribe to Our Newsletter,,Page,/subscribe-to-our-newsletter
